{
  "project_info": {
    "project_number": "942704594380",
    "project_id": "petshop-fb4e8",
    "storage_bucket": "petshop-fb4e8.appspot.com"
  },
  "client": [
    {
      "client_info": {
        "mobilesdk_app_id": "1:942704594380:android:4d0e4405c0407ed9686169",
        "android_client_info": {
          "package_name": "com.example.petshop"
        }
      },
      "oauth_client": [
        {
          "client_id": "942704594380-e8207si1tfk1b08i1f1mul74bc8bup0i.apps.googleusercontent.com",
          "client_type": 3
        }
      ],
      "api_key": [
        {
          "current_key": "AIzaSyClq2EeV5EG3FT94XPX64dnoefN0Xx_PtM"
        }
      ],
      "services": {
        "appinvite_service": {
          "other_platform_oauth_client": [
            {
              "client_id": "942704594380-e8207si1tfk1b08i1f1mul74bc8bup0i.apps.googleusercontent.com",
              "client_type": 3
            }
          ]
        }
      }
    }
  ],
  "configuration_version": "1"
}